image_id,selection_reason,pathology_labels
3dc6797f2b0b709635211b7967d44bdc,Representative sample for manual annotation prototype,Spondylolysthesis;Disc space narrowing;Other lesions;Osteophytes
64635d0ec85d91cf16ad77e8401aaa08,Representative sample for manual annotation prototype,No finding
6b4ad446c3a60f2e65becd60fa0f458a,Representative sample for manual annotation prototype,No finding
9c8aa8694672c9d6bd2ddab17c01b06a,Representative sample for manual annotation prototype,Osteophytes
8090f170ac6763c1fa9e72991dfeb1e7,Representative sample for manual annotation prototype,Osteophytes
7c88ae5aa46764f60ac116d1f5292ef2,Representative sample for manual annotation prototype,Osteophytes
6a7c4919d8e05735bc1ad15368d066d0,Representative sample for manual annotation prototype,Osteophytes
8669f312fecabad1878a19db7314a0f6,Representative sample for manual annotation prototype,Osteophytes
86a05890cfe03ff4a7c3fe4458749b7c,Representative sample for manual annotation prototype,No finding
7018f34470990373e83d747982e27da8,Representative sample for manual annotation prototype,No finding
8fef069782db235417c590775bf99252,Representative sample for manual annotation prototype,No finding
6c50c4bbf00099a28312e69a01621e0a,Representative sample for manual annotation prototype,Osteophytes
6d8a4ef83e42306170d7b8972a6ee55b,Representative sample for manual annotation prototype,No finding
4f4b9588cc4a89ddd8c082f60581b774,Representative sample for manual annotation prototype,No finding
4787ef9fcb75d689664cd659698116a0,Representative sample for manual annotation prototype,No finding
86942a504fd85a3d435432f123feffe8,Representative sample for manual annotation prototype,Osteophytes
4b0a715055c5c5a29a79df122a75a720,Representative sample for manual annotation prototype,No finding
80525d87f25db809438a0fee970f02ba,Representative sample for manual annotation prototype,Vertebral collapse;Osteophytes
9b99d8483b239a14f83853915bc7f394,Representative sample for manual annotation prototype,No finding
97eb834be3816ad014fa6a90f1ec8799,Representative sample for manual annotation prototype,No finding
3d8ee551dfb2e88050d72521622c1347,Representative sample for manual annotation prototype,No finding
6bf578e4c267fa4987f7a3f54827416c,Representative sample for manual annotation prototype,No finding
5f5d591bc711b4bb1cbd5d117e9f091a,Representative sample for manual annotation prototype,No finding
436e78feea77e42dcdb6b99458ee1687,Representative sample for manual annotation prototype,No finding
9217a2d10dcb5992da3faff4c4ae0a28,Representative sample for manual annotation prototype,No finding
4443db18fe47cc5efba7e575471430ef,Representative sample for manual annotation prototype,Osteophytes
55f14a815f06cf52fc588a8c7fd269d4,Representative sample for manual annotation prototype,Osteophytes
7671fb4afde629faab4dc79454b05cd0,Representative sample for manual annotation prototype,Osteophytes
7d84f5eb40694e651bd37a4c24776d73,Representative sample for manual annotation prototype,Osteophytes
5b4c6161a2b856ac2c07e9be7068892a,Representative sample for manual annotation prototype,No finding
