,precision,recall,f1-score,support,auroc
No finding,0.92,1.0,0.9583333333333334,23.0,1.0
Disc space narrowing,0.16666666666666666,0.5,0.25,2.0,0.9347826086956521
Foraminal stenosis,0.0,0.0,0.0,1.0,0.851063829787234
Osteophytes,1.0,0.7916666666666666,0.8837209302325582,24.0,0.9930555555555555
Other lesions,0.05263157894736842,1.0,0.1,1.0,0.9148936170212766
Spondylolysthesis,0.3333333333333333,1.0,0.5,1.0,0.9787234042553191
Surgical implant,1.0,1.0,1.0,2.0,1.0
Vertebral collapse,0.0,0.0,0.0,1.0,0.5957446808510638
micro avg,0.5662650602409639,0.8545454545454545,0.6811594202898551,55.0,
macro avg,0.43407894736842106,0.6614583333333333,0.4615067829457365,55.0,
weighted avg,0.8705326953748006,0.8545454545454545,0.8427448907681466,55.0,
samples avg,0.6305555555555555,0.8680555555555555,0.7087797619047619,55.0,
