scan_id,label_id,x_min,y_min,x_max,y_max,center_x,center_y
verse_001,20,117.0,93.0,157.0,113.0,137.0,103.0
verse_001,21,117.0,68.0,157.0,86.0,137.0,77.0
verse_001,22,117.0,50.0,157.0,68.0,137.0,59.0
verse_001,23,117.0,31.0,157.0,50.0,137.0,40.5
verse_001,24,117.0,10.0,157.0,30.0,137.0,20.0
verse_002,20,112.0,92.0,152.0,109.0,132.0,100.5
verse_002,21,112.0,74.0,152.0,94.0,132.0,84.0
verse_002,22,112.0,47.0,152.0,65.0,132.0,56.0
verse_002,23,112.0,30.0,152.0,47.0,132.0,38.5
verse_002,24,112.0,11.0,152.0,31.0,132.0,21.0
verse_003,20,117.0,88.0,157.0,106.0,137.0,97.0
verse_003,21,117.0,69.0,157.0,89.0,137.0,79.0
verse_003,22,117.0,48.0,157.0,66.0,137.0,57.0
verse_003,23,117.0,31.0,157.0,49.0,137.0,40.0
verse_003,24,117.0,11.0,157.0,31.0,137.0,21.0
verse_004,20,108.0,93.0,148.0,113.0,128.0,103.0
verse_004,21,108.0,71.0,148.0,91.0,128.0,81.0
verse_004,22,108.0,51.0,148.0,67.0,128.0,59.0
verse_004,23,108.0,34.0,148.0,54.0,128.0,44.0
verse_004,24,108.0,12.0,148.0,32.0,128.0,22.0
verse_005,20,109.0,93.0,149.0,113.0,129.0,103.0
verse_005,21,109.0,67.0,149.0,87.0,129.0,77.0
verse_005,22,109.0,50.0,149.0,65.0,129.0,57.5
verse_005,23,109.0,34.0,149.0,54.0,129.0,44.0
verse_005,24,109.0,6.0,149.0,26.0,129.0,16.0
