,precision,recall,f1-score,support,roc_auc
No finding,0.65,0.5652173913043478,0.6046511627906976,23.0,0.7078260869565218
Disc space narrowing,0.10526315789473684,1.0,0.19047619047619047,2.0,0.9239130434782609
Foraminal stenosis,0.07142857142857142,1.0,0.13333333333333333,1.0,0.7234042553191489
Osteophytes,0.6785714285714286,0.7916666666666666,0.7307692307692307,24.0,0.7760416666666667
Other lesions,0.047619047619047616,1.0,0.09090909090909091,1.0,0.9787234042553191
Spondylolysthesis,0.0625,1.0,0.11764705882352941,1.0,0.9148936170212766
Surgical implant,0.2,1.0,0.3333333333333333,2.0,1.0
Vertebral collapse,0.0,0.0,0.0,1.0,0.46808510638297873
micro avg,0.2785714285714286,0.7090909090909091,0.4,55.0,
macro avg,0.22692277568922306,0.7946105072463767,0.27513992505442575,55.0,
weighted avg,0.5823234221918433,0.7090909090909091,0.5969990329696834,55.0,
samples avg,0.32316468253968256,0.6770833333333334,0.41825396825396827,55.0,
