image_id,true_labels,predicted_labels,confidences
000b3dad09378f680c845f8d7827d6ad,No finding,"Spondylolysthesis, Vertebral collapse","No finding:0.46, Disc space narrowing:0.45, Foraminal stenosis:0.35, Osteophytes:0.48, Other lesions:0.39, Spondylolysthesis:0.77, Surgical implant:0.39, Vertebral collapse:0.54"
000bcd6560f4551b9b74abffa5a688a0,No finding,"No finding, Foraminal stenosis","No finding:0.55, Disc space narrowing:0.11, Foraminal stenosis:1.00, Osteophytes:0.10, Other lesions:0.05, Spondylolysthesis:0.03, Surgical implant:0.04, Vertebral collapse:0.13"
00175a890bdc7f1cc48ea616a64e6d6b,No finding,"Osteophytes, Other lesions, Surgical implant, Vertebral collapse","No finding:0.28, Disc space narrowing:0.34, Foraminal stenosis:0.06, Osteophytes:0.78, Other lesions:0.90, Spondylolysthesis:0.30, Surgical implant:0.83, Vertebral collapse:0.89"
001965d7ee25b931993d6b6b1adb8cc4,No finding,"No finding, Foraminal stenosis","No finding:0.55, Disc space narrowing:0.30, Foraminal stenosis:0.93, Osteophytes:0.23, Other lesions:0.29, Spondylolysthesis:0.13, Surgical implant:0.02, Vertebral collapse:0.36"
003d256dd767bf8500bd7319d6792e21,No finding,"Other lesions, Spondylolysthesis, Surgical implant, Vertebral collapse","No finding:0.36, Disc space narrowing:0.34, Foraminal stenosis:0.44, Osteophytes:0.38, Other lesions:0.89, Spondylolysthesis:0.77, Surgical implant:0.98, Vertebral collapse:0.64"
004004095d8a302b1c0815ccb044c018,"Disc space narrowing, Osteophytes","Disc space narrowing, Osteophytes","No finding:0.43, Disc space narrowing:0.84, Foraminal stenosis:0.09, Osteophytes:0.72, Other lesions:0.24, Spondylolysthesis:0.23, Surgical implant:0.01, Vertebral collapse:0.03"
005c62dd9be402dcd71211d8eb039295,Osteophytes,"No finding, Disc space narrowing, Foraminal stenosis, Osteophytes","No finding:0.53, Disc space narrowing:0.71, Foraminal stenosis:0.60, Osteophytes:0.51, Other lesions:0.39, Spondylolysthesis:0.14, Surgical implant:0.09, Vertebral collapse:0.17"
00e30b6d3e73df2b8f2c5f279ddde16c,No finding,No finding,"No finding:0.97, Disc space narrowing:0.19, Foraminal stenosis:0.00, Osteophytes:0.01, Other lesions:0.03, Spondylolysthesis:0.01, Surgical implant:0.00, Vertebral collapse:0.01"
00e35c0ab10073c0d616a17abe832448,No finding,"Disc space narrowing, Osteophytes, Spondylolysthesis, Surgical implant, Vertebral collapse","No finding:0.41, Disc space narrowing:0.56, Foraminal stenosis:0.29, Osteophytes:0.57, Other lesions:0.47, Spondylolysthesis:0.80, Surgical implant:0.61, Vertebral collapse:0.61"
00f40c67984a9481dcaa74ecc9b4da4d,No finding,"No finding, Disc space narrowing","No finding:0.90, Disc space narrowing:0.73, Foraminal stenosis:0.02, Osteophytes:0.03, Other lesions:0.04, Spondylolysthesis:0.02, Surgical implant:0.01, Vertebral collapse:0.02"
00f61276be8d5f1067337de30bded315,No finding,"No finding, Foraminal stenosis","No finding:0.81, Disc space narrowing:0.15, Foraminal stenosis:0.76, Osteophytes:0.12, Other lesions:0.17, Spondylolysthesis:0.02, Surgical implant:0.00, Vertebral collapse:0.02"
0101087b1bce56e91b17938ef1f3cdf0,"Foraminal stenosis, Osteophytes, Spondylolysthesis","Disc space narrowing, Foraminal stenosis, Osteophytes, Other lesions, Spondylolysthesis, Surgical implant, Vertebral collapse","No finding:0.31, Disc space narrowing:0.54, Foraminal stenosis:0.53, Osteophytes:0.59, Other lesions:0.59, Spondylolysthesis:0.79, Surgical implant:0.53, Vertebral collapse:0.81"
011e836721e77f1623254a72525b1717,"Osteophytes, Vertebral collapse","Disc space narrowing, Osteophytes, Other lesions","No finding:0.36, Disc space narrowing:0.91, Foraminal stenosis:0.07, Osteophytes:0.78, Other lesions:0.54, Spondylolysthesis:0.27, Surgical implant:0.00, Vertebral collapse:0.13"
0125a5126168264d64f8af434def76d6,Osteophytes,"Disc space narrowing, Osteophytes, Spondylolysthesis","No finding:0.43, Disc space narrowing:0.51, Foraminal stenosis:0.38, Osteophytes:0.53, Other lesions:0.44, Spondylolysthesis:0.62, Surgical implant:0.12, Vertebral collapse:0.34"
0133415680346fd9fb43378021b9cf2a,No finding,"No finding, Foraminal stenosis","No finding:0.88, Disc space narrowing:0.37, Foraminal stenosis:0.99, Osteophytes:0.05, Other lesions:0.02, Spondylolysthesis:0.01, Surgical implant:0.01, Vertebral collapse:0.02"
01822dda5e5279314ba4d08b5deacd53,No finding,"No finding, Foraminal stenosis","No finding:0.55, Disc space narrowing:0.28, Foraminal stenosis:0.98, Osteophytes:0.20, Other lesions:0.08, Spondylolysthesis:0.02, Surgical implant:0.01, Vertebral collapse:0.06"
018a409b6123d6fe2c7bdf528b15ec3c,Osteophytes,"No finding, Foraminal stenosis, Other lesions","No finding:0.64, Disc space narrowing:0.23, Foraminal stenosis:0.58, Osteophytes:0.25, Other lesions:0.72, Spondylolysthesis:0.42, Surgical implant:0.01, Vertebral collapse:0.05"
01bf4f115b6a12903e336f2549e77050,Osteophytes,"Osteophytes, Other lesions, Spondylolysthesis","No finding:0.39, Disc space narrowing:0.33, Foraminal stenosis:0.06, Osteophytes:0.62, Other lesions:0.51, Spondylolysthesis:0.68, Surgical implant:0.21, Vertebral collapse:0.22"
01d291dc4593aab884a0199269f38d32,Disc space narrowing,"No finding, Disc space narrowing, Foraminal stenosis","No finding:0.74, Disc space narrowing:0.93, Foraminal stenosis:0.54, Osteophytes:0.06, Other lesions:0.06, Spondylolysthesis:0.00, Surgical implant:0.00, Vertebral collapse:0.04"
01e8ea3c498eb96bf39a1f019680aa7f,"Osteophytes, Other lesions, Surgical implant","Osteophytes, Other lesions, Spondylolysthesis, Surgical implant","No finding:0.17, Disc space narrowing:0.28, Foraminal stenosis:0.27, Osteophytes:0.65, Other lesions:0.93, Spondylolysthesis:0.73, Surgical implant:0.99, Vertebral collapse:0.39"
021fcc3d4f47558ae263fdeaa74c1037,No finding,"Disc space narrowing, Foraminal stenosis, Osteophytes","No finding:0.37, Disc space narrowing:0.92, Foraminal stenosis:0.99, Osteophytes:0.64, Other lesions:0.10, Spondylolysthesis:0.05, Surgical implant:0.00, Vertebral collapse:0.11"
0231a1090fcff671c5a9c531ae63b7e0,Osteophytes,No finding,"No finding:0.88, Disc space narrowing:0.34, Foraminal stenosis:0.01, Osteophytes:0.14, Other lesions:0.35, Spondylolysthesis:0.05, Surgical implant:0.02, Vertebral collapse:0.05"
02376fdfd205eed32f83bfe39a2d0ffe,Osteophytes,"Osteophytes, Other lesions, Vertebral collapse","No finding:0.16, Disc space narrowing:0.41, Foraminal stenosis:0.22, Osteophytes:0.84, Other lesions:0.69, Spondylolysthesis:0.39, Surgical implant:0.29, Vertebral collapse:0.65"
029aa1f4edc53cf936c9c2c5b87e1907,Osteophytes,"Osteophytes, Other lesions, Vertebral collapse","No finding:0.32, Disc space narrowing:0.17, Foraminal stenosis:0.33, Osteophytes:0.83, Other lesions:0.85, Spondylolysthesis:0.10, Surgical implant:0.20, Vertebral collapse:0.73"
02c519e53ed8125cd0535c24ccd549ea,Osteophytes,"Disc space narrowing, Osteophytes, Other lesions, Spondylolysthesis, Surgical implant, Vertebral collapse","No finding:0.35, Disc space narrowing:0.71, Foraminal stenosis:0.41, Osteophytes:0.58, Other lesions:0.56, Spondylolysthesis:0.86, Surgical implant:0.52, Vertebral collapse:0.81"
02da45ccea9241fb3d90b99b718865b9,No finding,"Disc space narrowing, Osteophytes, Spondylolysthesis, Surgical implant, Vertebral collapse","No finding:0.39, Disc space narrowing:0.61, Foraminal stenosis:0.24, Osteophytes:0.60, Other lesions:0.47, Spondylolysthesis:0.83, Surgical implant:0.57, Vertebral collapse:0.72"
02e122c1db0408c02747d74a0180c7b2,Osteophytes,"Osteophytes, Other lesions, Surgical implant, Vertebral collapse","No finding:0.17, Disc space narrowing:0.42, Foraminal stenosis:0.10, Osteophytes:0.80, Other lesions:0.91, Spondylolysthesis:0.38, Surgical implant:0.78, Vertebral collapse:0.94"
0375aca49aff215702b8600ab2c23ae6,Osteophytes,"No finding, Other lesions, Spondylolysthesis","No finding:0.61, Disc space narrowing:0.33, Foraminal stenosis:0.49, Osteophytes:0.34, Other lesions:0.73, Spondylolysthesis:0.58, Surgical implant:0.02, Vertebral collapse:0.12"
03eb0af591483600379497627c878e98,No finding,"No finding, Foraminal stenosis","No finding:0.65, Disc space narrowing:0.26, Foraminal stenosis:0.98, Osteophytes:0.11, Other lesions:0.06, Spondylolysthesis:0.01, Surgical implant:0.01, Vertebral collapse:0.01"
0437508b2e4d9419247f1ee4075917f5,No finding,"Disc space narrowing, Osteophytes, Other lesions, Spondylolysthesis","No finding:0.30, Disc space narrowing:0.54, Foraminal stenosis:0.19, Osteophytes:0.74, Other lesions:0.70, Spondylolysthesis:0.66, Surgical implant:0.16, Vertebral collapse:0.28"
0452c435143b3fac1e324a7acc852549,No finding,No finding,"No finding:0.53, Disc space narrowing:0.10, Foraminal stenosis:0.08, Osteophytes:0.42, Other lesions:0.35, Spondylolysthesis:0.01, Surgical implant:0.08, Vertebral collapse:0.17"
0497a8b9af6b3969375d8df353394a6f,No finding,"Disc space narrowing, Osteophytes","No finding:0.23, Disc space narrowing:0.89, Foraminal stenosis:0.04, Osteophytes:0.92, Other lesions:0.04, Spondylolysthesis:0.04, Surgical implant:0.00, Vertebral collapse:0.02"
04a18d63e5ff0550fe3683004b643816,Osteophytes,"Osteophytes, Other lesions, Vertebral collapse","No finding:0.26, Disc space narrowing:0.07, Foraminal stenosis:0.02, Osteophytes:0.75, Other lesions:0.78, Spondylolysthesis:0.02, Surgical implant:0.20, Vertebral collapse:0.54"
04c204784f04c931f6d11760b10b8621,Osteophytes,"Disc space narrowing, Osteophytes, Other lesions, Spondylolysthesis","No finding:0.35, Disc space narrowing:0.66, Foraminal stenosis:0.18, Osteophytes:0.72, Other lesions:0.63, Spondylolysthesis:0.63, Surgical implant:0.01, Vertebral collapse:0.20"
04f7b104338fd36911ded4d1498a6e3e,No finding,"No finding, Disc space narrowing, Foraminal stenosis","No finding:0.69, Disc space narrowing:0.78, Foraminal stenosis:0.62, Osteophytes:0.09, Other lesions:0.07, Spondylolysthesis:0.01, Surgical implant:0.00, Vertebral collapse:0.04"
0505be939209f904b8f2af5613715b14,Osteophytes,"Disc space narrowing, Foraminal stenosis, Osteophytes","No finding:0.19, Disc space narrowing:0.97, Foraminal stenosis:0.56, Osteophytes:0.72, Other lesions:0.03, Spondylolysthesis:0.01, Surgical implant:0.00, Vertebral collapse:0.01"
052a61be7e713f7157c0275386226479,No finding,"Osteophytes, Spondylolysthesis","No finding:0.41, Disc space narrowing:0.37, Foraminal stenosis:0.17, Osteophytes:0.54, Other lesions:0.47, Spondylolysthesis:0.57, Surgical implant:0.12, Vertebral collapse:0.18"
052cb7598e021dfda603a8670499b0ed,"Osteophytes, Surgical implant","Osteophytes, Other lesions, Spondylolysthesis, Surgical implant","No finding:0.15, Disc space narrowing:0.34, Foraminal stenosis:0.14, Osteophytes:0.71, Other lesions:0.97, Spondylolysthesis:0.82, Surgical implant:1.00, Vertebral collapse:0.35"
05977aa58f8fb4cabbc25fce81ce713c,No finding,"No finding, Osteophytes, Other lesions","No finding:0.59, Disc space narrowing:0.34, Foraminal stenosis:0.00, Osteophytes:0.57, Other lesions:0.60, Spondylolysthesis:0.03, Surgical implant:0.00, Vertebral collapse:0.00"
05a0060f57082a20abe071395aad087d,Osteophytes,"Osteophytes, Other lesions, Spondylolysthesis","No finding:0.42, Disc space narrowing:0.36, Foraminal stenosis:0.05, Osteophytes:0.59, Other lesions:0.61, Spondylolysthesis:0.66, Surgical implant:0.14, Vertebral collapse:0.15"
05acd6de1f6f153a2ff02b25a3c93e82,Osteophytes,No finding,"No finding:0.56, Disc space narrowing:0.05, Foraminal stenosis:0.29, Osteophytes:0.28, Other lesions:0.20, Spondylolysthesis:0.02, Surgical implant:0.01, Vertebral collapse:0.05"
06163196237fdb86482fcb3bece04423,No finding,No finding,"No finding:0.96, Disc space narrowing:0.17, Foraminal stenosis:0.01, Osteophytes:0.02, Other lesions:0.03, Spondylolysthesis:0.01, Surgical implant:0.03, Vertebral collapse:0.04"
062955c66c0cd568f287c18027503ca9,Osteophytes,"Disc space narrowing, Osteophytes","No finding:0.39, Disc space narrowing:0.63, Foraminal stenosis:0.20, Osteophytes:0.65, Other lesions:0.21, Spondylolysthesis:0.05, Surgical implant:0.00, Vertebral collapse:0.01"
064f5b594ebcfc2a2272bdcdc81632f0,Osteophytes,"Osteophytes, Other lesions, Surgical implant, Vertebral collapse","No finding:0.35, Disc space narrowing:0.18, Foraminal stenosis:0.08, Osteophytes:0.80, Other lesions:0.93, Spondylolysthesis:0.19, Surgical implant:0.67, Vertebral collapse:0.94"
065fff7ae7c62ea7e03f9375a31dd7bd,No finding,"No finding, Disc space narrowing","No finding:0.82, Disc space narrowing:0.66, Foraminal stenosis:0.03, Osteophytes:0.04, Other lesions:0.17, Spondylolysthesis:0.01, Surgical implant:0.01, Vertebral collapse:0.02"
066dbda2c59dc6c48c836b0fba308b14,No finding,"Osteophytes, Other lesions","No finding:0.36, Disc space narrowing:0.21, Foraminal stenosis:0.13, Osteophytes:0.67, Other lesions:0.55, Spondylolysthesis:0.16, Surgical implant:0.05, Vertebral collapse:0.27"
06a259f4ae485df99dc596672aabc991,Osteophytes,"Disc space narrowing, Osteophytes","No finding:0.14, Disc space narrowing:0.97, Foraminal stenosis:0.04, Osteophytes:0.90, Other lesions:0.02, Spondylolysthesis:0.03, Surgical implant:0.00, Vertebral collapse:0.01"
06a9d86a89a5f55adda1c9f3d3ce121a,Osteophytes,"No finding, Foraminal stenosis, Other lesions, Spondylolysthesis","No finding:0.55, Disc space narrowing:0.32, Foraminal stenosis:0.64, Osteophytes:0.46, Other lesions:0.60, Spondylolysthesis:0.65, Surgical implant:0.15, Vertebral collapse:0.18"
