image_id,true_osteophytes,true_no_finding,true_disc_space_narrowing,true_other_lesions,true_surgical_implant,true_foraminal_stenosis,true_spondylolysthesis,true_vertebral_collapse
test_img_0,1,0,0,0,0,0,0,0
test_img_1,1,0,0,0,0,0,0,0
test_img_2,1,0,0,0,0,0,0,0
test_img_3,1,0,0,0,0,0,0,0
test_img_4,1,0,0,0,0,0,0,0
test_img_5,0,1,0,1,0,0,0,0
test_img_6,0,0,0,1,0,0,0,0
test_img_7,1,0,0,0,0,0,0,0
test_img_8,1,0,0,0,0,0,0,0
test_img_9,1,0,0,0,0,0,0,0
test_img_10,1,0,0,0,0,0,0,0
test_img_11,0,0,1,1,0,1,0,0
test_img_12,0,0,0,1,0,0,0,1
test_img_13,0,0,0,1,0,0,0,0
test_img_14,1,0,0,0,0,0,0,0
test_img_15,1,0,0,0,0,0,0,0
test_img_16,0,0,0,1,0,0,0,0
test_img_17,0,0,0,1,0,0,0,0
test_img_18,0,1,0,0,0,0,0,0
test_img_19,0,0,0,1,1,0,1,0
test_img_20,1,0,0,0,0,0,0,0
test_img_21,0,0,0,1,0,0,0,0
test_img_22,0,0,0,1,0,0,0,0
test_img_23,0,0,0,1,0,0,0,0
test_img_24,0,0,0,1,0,0,0,0
test_img_25,1,0,0,0,0,0,0,0
test_img_26,0,0,0,1,0,0,0,0
test_img_27,0,0,0,1,0,0,0,0
test_img_28,1,0,0,0,0,0,0,0
test_img_29,1,0,0,0,0,0,0,0
test_img_30,1,0,0,0,0,0,0,0
test_img_31,1,0,0,0,0,0,0,0
test_img_32,0,0,0,1,0,0,0,0
test_img_33,0,0,0,1,0,0,0,0
test_img_34,1,0,0,0,0,0,0,0
test_img_35,0,0,0,1,0,0,0,0
test_img_36,1,0,0,0,0,0,0,0
test_img_37,0,0,0,1,0,0,1,0
test_img_38,1,0,0,0,0,0,0,0
test_img_39,0,0,0,1,0,0,0,0
test_img_40,0,0,0,1,0,0,0,0
test_img_41,1,0,0,0,0,0,0,0
test_img_42,0,0,0,1,0,0,0,0
test_img_43,0,0,0,1,0,0,0,0
test_img_44,1,0,0,0,0,0,0,0
test_img_45,1,0,0,0,0,0,0,0
test_img_46,0,0,0,1,0,0,0,0
test_img_47,0,0,0,1,0,0,0,0
test_img_48,1,0,0,0,0,0,0,0
