image_id,prob_osteophytes,pred_osteophytes,prob_no_finding,pred_no_finding,prob_disc_space_narrowing,pred_disc_space_narrowing,prob_other_lesions,pred_other_lesions,prob_surgical_implant,pred_surgical_implant,prob_foraminal_stenosis,pred_foraminal_stenosis,prob_spondylolysthesis,pred_spondylolysthesis,prob_vertebral_collapse,pred_vertebral_collapse
test_img_0,0.28994694352149963,0,0.22929981350898743,0,0.16550569236278534,0,0.5470936298370361,1,0.19860315322875977,0,0.11380957812070847,0,0.34746214747428894,0,0.45235997438430786,0
test_img_1,0.3075970709323883,0,0.2664877474308014,0,0.12816424667835236,0,0.573297917842865,1,0.29882046580314636,0,0.0755574107170105,0,0.3876824378967285,0,0.4062209725379944,0
test_img_2,0.27413904666900635,0,0.24958394467830658,0,0.16415797173976898,0,0.5505955219268799,1,0.2819555401802063,0,0.09754500538110733,0,0.37464654445648193,0,0.35387420654296875,0
test_img_3,0.4776565134525299,0,0.2561102509498596,0,0.1880357563495636,0,0.4400748908519745,0,0.2670956552028656,0,0.2018108367919922,0,0.4128178656101227,0,0.460158109664917,0
test_img_4,0.32142263650894165,0,0.19453592598438263,0,0.1296595335006714,0,0.5344074368476868,1,0.2492901086807251,0,0.10511542856693268,0,0.3799208402633667,0,0.3209751546382904,0
test_img_5,0.3255225419998169,0,0.2172093689441681,0,0.21271441876888275,0,0.6097106337547302,1,0.21182368695735931,0,0.17342905700206757,0,0.36356592178344727,0,0.4574038088321686,0
test_img_6,0.45119476318359375,0,0.2725307047367096,0,0.14180584251880646,0,0.5549816489219666,1,0.2923923432826996,0,0.11534532159566879,0,0.3986711800098419,0,0.35325440764427185,0
test_img_7,0.31444987654685974,0,0.2228287309408188,0,0.18454812467098236,0,0.49142012000083923,0,0.24557363986968994,0,0.11115670204162598,0,0.34870967268943787,0,0.3609764277935028,0
test_img_8,0.2745247781276703,0,0.26592013239860535,0,0.13461834192276,0,0.5915144085884094,1,0.2278227061033249,0,0.10165353119373322,0,0.43365398049354553,0,0.389146089553833,0
test_img_9,0.29583221673965454,0,0.17131920158863068,0,0.16316406428813934,0,0.569362461566925,1,0.18822187185287476,0,0.10871825367212296,0,0.3836731016635895,0,0.4264751076698303,0
test_img_10,0.3285141587257385,0,0.2241063117980957,0,0.1809699982404709,0,0.4634077548980713,0,0.28791093826293945,0,0.1812816709280014,0,0.3366124927997589,0,0.4315902292728424,0
test_img_11,0.27518364787101746,0,0.23630833625793457,0,0.15857434272766113,0,0.5645868182182312,1,0.2491776943206787,0,0.13291683793067932,0,0.3584657907485962,0,0.417985737323761,0
test_img_12,0.3095000684261322,0,0.1949624866247177,0,0.21600817143917084,0,0.5651718378067017,1,0.24721932411193848,0,0.1606340855360031,0,0.3401450514793396,0,0.30622735619544983,0
test_img_13,0.2777954638004303,0,0.20523515343666077,0,0.1445186585187912,0,0.5478033423423767,1,0.22459308803081512,0,0.08878161758184433,0,0.3564808964729309,0,0.40993794798851013,0
test_img_14,0.26436999440193176,0,0.20184838771820068,0,0.15478181838989258,0,0.5488810539245605,1,0.2164696305990219,0,0.11542470753192902,0,0.37637752294540405,0,0.4377865493297577,0
test_img_15,0.2854166030883789,0,0.24662797152996063,0,0.18960203230381012,0,0.507798433303833,1,0.20594792068004608,0,0.16211403906345367,0,0.45530128479003906,0,0.4575361907482147,0
test_img_16,0.32265594601631165,0,0.18522445857524872,0,0.1149677261710167,0,0.5074672102928162,1,0.3111189305782318,0,0.10804450511932373,0,0.3591924011707306,0,0.3567693531513214,0
test_img_17,0.2952024042606354,0,0.21679799258708954,0,0.17996247112751007,0,0.6025455594062805,1,0.1868041604757309,0,0.09534621238708496,0,0.3567732274532318,0,0.4284058213233948,0
test_img_18,0.30333301424980164,0,0.2475031465291977,0,0.23439805209636688,0,0.5557272434234619,1,0.25474298000335693,0,0.14358681440353394,0,0.386366605758667,0,0.33213192224502563,0
test_img_19,0.32445722818374634,0,0.1725006252527237,0,0.13882754743099213,0,0.6162878274917603,1,0.26742658019065857,0,0.1316360980272293,0,0.38949209451675415,0,0.4225509762763977,0
test_img_20,0.27728334069252014,0,0.18739162385463715,0,0.13691768050193787,0,0.5750318765640259,1,0.24102742969989777,0,0.12017637491226196,0,0.35920172929763794,0,0.4623129069805145,0
test_img_21,0.40088239312171936,0,0.29740244150161743,0,0.26417574286460876,0,0.4740724563598633,0,0.3956368565559387,0,0.18979771435260773,0,0.519699215888977,1,0.5723589062690735,1
test_img_22,0.3119957447052002,0,0.20405487716197968,0,0.1543702930212021,0,0.5720169544219971,1,0.28457340598106384,0,0.0740516409277916,0,0.37031280994415283,0,0.405367374420166,0
test_img_23,0.34524691104888916,0,0.2954094409942627,0,0.19116054475307465,0,0.5661481618881226,1,0.25309404730796814,0,0.0739385113120079,0,0.3971753418445587,0,0.4327014088630676,0
test_img_24,0.28626853227615356,0,0.20923195779323578,0,0.12609350681304932,0,0.5587256550788879,1,0.2506577670574188,0,0.07459139078855515,0,0.4005597233772278,0,0.36751481890678406,0
test_img_25,0.33396825194358826,0,0.18169686198234558,0,0.1420874446630478,0,0.6133238673210144,1,0.2760511338710785,0,0.10759090632200241,0,0.3788476884365082,0,0.37941181659698486,0
test_img_26,0.39503955841064453,0,0.23814931511878967,0,0.18556968867778778,0,0.6289332509040833,1,0.3419628143310547,0,0.07854554802179337,0,0.34510472416877747,0,0.3348354995250702,0
test_img_27,0.2922794222831726,0,0.17924785614013672,0,0.1759219616651535,0,0.43876901268959045,0,0.19096249341964722,0,0.11291151493787766,0,0.3353338837623596,0,0.41489312052726746,0
test_img_28,0.290743350982666,0,0.2120085060596466,0,0.10203246027231216,0,0.4851171672344208,0,0.3524084985256195,0,0.09270381182432175,0,0.31412097811698914,0,0.3703494071960449,0
test_img_29,0.3097439408302307,0,0.21225087344646454,0,0.16434051096439362,0,0.6128299832344055,1,0.31767556071281433,0,0.11825354397296906,0,0.45388832688331604,0,0.4186256527900696,0
test_img_30,0.3260313868522644,0,0.23153066635131836,0,0.15731225907802582,0,0.5450947880744934,1,0.28225186467170715,0,0.09358790516853333,0,0.3896629512310028,0,0.3558679521083832,0
test_img_31,0.28224244713783264,0,0.23152916133403778,0,0.19079600274562836,0,0.5397568941116333,1,0.24160444736480713,0,0.17255255579948425,0,0.40139880776405334,0,0.3583143651485443,0
test_img_32,0.2991587817668915,0,0.20309124886989594,0,0.14061452448368073,0,0.49519139528274536,0,0.2282063513994217,0,0.09939197450876236,0,0.40188637375831604,0,0.3875141739845276,0
test_img_33,0.28304311633110046,0,0.2195184975862503,0,0.1971636861562729,0,0.5566012263298035,1,0.21805818378925323,0,0.12139468640089035,0,0.4115525186061859,0,0.4331294000148773,0
test_img_34,0.36195284128189087,0,0.425401896238327,0,0.17288723587989807,0,0.5110670924186707,1,0.42296382784843445,0,0.2590753138065338,0,0.4240601658821106,0,0.6034794449806213,1
test_img_35,0.31714630126953125,0,0.1972278654575348,0,0.2273244857788086,0,0.5721248984336853,1,0.2225317507982254,0,0.1662941575050354,0,0.3806850016117096,0,0.41017118096351624,0
test_img_36,0.34745627641677856,0,0.2234160155057907,0,0.15343347191810608,0,0.5266818404197693,1,0.2647560238838196,0,0.11910112202167511,0,0.40017008781433105,0,0.35463079810142517,0
test_img_37,0.3467734754085541,0,0.20503108203411102,0,0.16651582717895508,0,0.5264117121696472,1,0.2654440999031067,0,0.08572731912136078,0,0.4130215644836426,0,0.42347151041030884,0
test_img_38,0.28612443804740906,0,0.22859810292720795,0,0.16560736298561096,0,0.4889806807041168,0,0.23206515610218048,0,0.10089509934186935,0,0.3139060437679291,0,0.3757624626159668,0
test_img_39,0.3681843876838684,0,0.2478526085615158,0,0.1597343236207962,0,0.49945640563964844,0,0.2793547809123993,0,0.10072378069162369,0,0.35480090975761414,0,0.36459341645240784,0
test_img_40,0.28069111704826355,0,0.18253400921821594,0,0.1567343771457672,0,0.5328390002250671,1,0.26550793647766113,0,0.1316211223602295,0,0.39081358909606934,0,0.430862158536911,0
test_img_41,0.5362329483032227,1,0.3665730953216553,0,0.24034856259822845,0,0.4137423634529114,0,0.3668712377548218,0,0.4065915644168854,0,0.4704897105693817,0,0.5306233763694763,1
test_img_42,0.26955872774124146,0,0.20842091739177704,0,0.168406680226326,0,0.5224201679229736,1,0.22288981080055237,0,0.10703927278518677,0,0.39626726508140564,0,0.3632906377315521,0
test_img_43,0.32203373312950134,0,0.24497175216674805,0,0.17438991367816925,0,0.4497264325618744,0,0.30991435050964355,0,0.08813686668872833,0,0.3507835865020752,0,0.3419979214668274,0
test_img_44,0.30310702323913574,0,0.1912582963705063,0,0.15437942743301392,0,0.6160508990287781,1,0.24950610101222992,0,0.14476697146892548,0,0.3671843707561493,0,0.3507443964481354,0
test_img_45,0.30185166001319885,0,0.19052951037883759,0,0.10469311475753784,0,0.5838218927383423,1,0.24044397473335266,0,0.10955028980970383,0,0.3682677447795868,0,0.3012443780899048,0
test_img_46,0.31385064125061035,0,0.2734644114971161,0,0.17275145649909973,0,0.5883577466011047,1,0.2737872898578644,0,0.15467660129070282,0,0.4364561140537262,0,0.4465712010860443,0
test_img_47,0.31645306944847107,0,0.2206156700849533,0,0.1261780560016632,0,0.4496825635433197,0,0.3099454343318939,0,0.10589089244604111,0,0.32905927300453186,0,0.4348113238811493,0
test_img_48,0.3083418309688568,0,0.19531510770320892,0,0.127217635512352,0,0.46288737654685974,0,0.2521744966506958,0,0.0813116654753685,0,0.3600192666053772,0,0.39287832379341125,0
