scan_id,projection_type,mu_water,voxel_spacing_y_mm
verse_001,beer-lambert-log,0.17,1.0
verse_002,beer-lambert-log,0.17,1.0
verse_003,beer-lambert-log,0.17,1.0
verse_004,beer-lambert-log,0.17,1.0
verse_005,beer-lambert-log,0.17,1.0
verse_006,beer-lambert-log,0.17,1.0
verse_007,beer-lambert-log,0.17,1.0
verse_008,beer-lambert-log,0.17,1.0
verse_009,beer-lambert-log,0.17,1.0
verse_010,beer-lambert-log,0.17,1.0
verse_011,beer-lambert-log,0.17,1.0
verse_012,beer-lambert-log,0.17,1.0
verse_013,beer-lambert-log,0.17,1.0
verse_014,beer-lambert-log,0.17,1.0
verse_015,beer-lambert-log,0.17,1.0
