Image_Idx,Class,Type,Probability
0,Osteophytes,FN,0.28994694352149963
0,Other lesions,FP,0.5470936298370361
1,Osteophytes,FN,0.3075970709323883
1,Other lesions,FP,0.573297917842865
2,Osteophytes,FN,0.27413904666900635
2,Other lesions,FP,0.5505955219268799
3,Osteophytes,FN,0.4776565134525299
4,Osteophytes,FN,0.32142263650894165
4,Other lesions,FP,0.5344074368476868
5,No finding,FN,0.2172093689441681
5,Other lesions,TP,0.6097106337547302
6,Other lesions,TP,0.5549816489219666
7,Osteophytes,FN,0.31444987654685974
8,Osteophytes,FN,0.2745247781276703
8,Other lesions,FP,0.5915144085884094
9,Osteophytes,FN,0.29583221673965454
9,Other lesions,FP,0.569362461566925
10,Osteophytes,FN,0.3285141587257385
11,Disc space narrowing,FN,0.15857434272766113
11,Other lesions,TP,0.5645868182182312
11,Foraminal stenosis,FN,0.13291683793067932
12,Other lesions,TP,0.5651718378067017
12,Vertebral collapse,FN,0.30622735619544983
13,Other lesions,TP,0.5478033423423767
14,Osteophytes,FN,0.26436999440193176
14,Other lesions,FP,0.5488810539245605
15,Osteophytes,FN,0.2854166030883789
15,Other lesions,FP,0.507798433303833
16,Other lesions,TP,0.5074672102928162
17,Other lesions,TP,0.6025455594062805
18,No finding,FN,0.2475031465291977
18,Other lesions,FP,0.5557272434234619
19,Other lesions,TP,0.6162878274917603
19,Surgical implant,FN,0.26742658019065857
19,Spondylolysthesis,FN,0.38949209451675415
20,Osteophytes,FN,0.27728334069252014
20,Other lesions,FP,0.5750318765640259
21,Other lesions,FN,0.4740724563598633
21,Spondylolysthesis,FP,0.519699215888977
21,Vertebral collapse,FP,0.5723589062690735
22,Other lesions,TP,0.5720169544219971
23,Other lesions,TP,0.5661481618881226
24,Other lesions,TP,0.5587256550788879
25,Osteophytes,FN,0.33396825194358826
25,Other lesions,FP,0.6133238673210144
26,Other lesions,TP,0.6289332509040833
27,Other lesions,FN,0.43876901268959045
28,Osteophytes,FN,0.290743350982666
29,Osteophytes,FN,0.3097439408302307
29,Other lesions,FP,0.6128299832344055
30,Osteophytes,FN,0.3260313868522644
